{
    "error.clickForLog": "Klicke hier, um den Bericht zu sehen.",
    "error.exit": "Beenden",
    "error.restart": "Erneut versuchen",
    "finished.finish": "Fertig",
    "finished.uninstall.text": "Das Spiel wurde erfolgreich deinstalliert.",
    "finished.uninstall.title": "DEINSTALLATION ABGESCHLOSSEN",
    "install_intro.advanced_options": "ERWEITERTE OPTIONEN",
    "install_intro.browse_install_folder": "Installationspfad auswählen",
    "install_intro.install": "Installieren",
    "install_intro.install_path": "INSTALLATIONSPFAD",
    "keepGameUpToDate.body": "Möchtest du die automatische Hintergrundaktualisierung für %1 aktivieren, um jederzeit spielbereit zu sein? Du kannst diese Option jederzeit in den Einstellungen ändern.",
    "keepGameUpToDate.doNotAskAgain": "NICHT MEHR ANZEIGEN",
    "keepGameUpToDate.no": "Später",
    "keepGameUpToDate.title": "DIESES SPIEL AKTUELL HALTEN?",
    "keepGameUpToDate.yes": "Ja",
    "lifecycle.directLaunchDisabled": "Wir können das Spiel nicht direkt starten. Bitte starte das Spiel über den entsprechenden Launcher.",
    "lifecycle.directLaunchDisabledTitle": "Spiel kann nicht direkt gestartet werden.",
    "lifecycle.invalidLaunch": "Wir können das Spiel auf diese Weise nicht starten. Bitte starte das Spiel direkt.",
    "lifecycle.invalidLaunchTitle": "Ungültiger Start",
    "progress.cleaning_up": "BEREINIGEN",
    "progress.copying_files": "Kopiere Dateien …",
    "progress.eta": "%02d:%02d",
    "progress.eta_long": "Über 1 Tag",
    "progress.hours_abbr": "STD",
    "progress.installing": "INSTALLIERE",
    "progress.minutes_abbr": "MIN",
    "progress.preparing": "VORBEREITUNG LÄUFT",
    "progress.repairing": "REPARATUR LÄUFT",
    "progress.seconds_abbr": "S",
    "progress.uninstalling": "DEINSTALLATION LÄUFT",
    "progress.updating": "AKTUALISIERUNG LÄUFT",
    "repairPermissions.error.body": "Wir konnten die Zugriffsberechtigungen auf Ordner nicht reparieren. Eventuell musst du dich mit einem Administratorkonto anmelden und den Befehl „--repair-permissions“ ausführen. Wenn dieses Problem weiterhin auftritt, bitte <link>, die sich um eine Lösung kümmern werden.",
    "repairPermissions.error.header": "REPARATUR FEHLGESCHLAGEN",
    "selfUpdateError.contactSupportLinkPublicUrl": "https://support.riotgames.com/hc/de/requests/new",
    "selfUpdateError.contactSupportLinkText": "wende dich an die Zauberer unseres Spieler-Supports",
    "selfUpdateError.couldNotUpdate.body": "Bei der Aktualisierung gab es ein Problem, das durch die Reparatur nicht behoben werden konnte. Bitte <link>, damit sie eine Lösung für dich finden.",
    "selfUpdateError.couldNotUpdate.header": "AKTUALISIERUNG FEHLGESCHLAGEN",
    "selfUpdateError.declinedUAC.body": "Erlaube der App, an deinem Gerät Änderungen vorzunehmen, indem du auf „Ja“ klickst, wenn du dazu aufgefordert wirst. Falls dieses Problem weiterhin besteht, überprüfe bitte deine Systemeinstellungen oder <link>.",
    "selfUpdateError.declinedUAC.header": "INSTALLATION FEHLGESCHLAGEN",
    "selfUpdateError.driveFull.body": "Es ist nicht genug Speicherplatz vorhanden, um diese Aktion auszuführen.",
    "selfUpdateError.driveFull.header": "DIE FESTPLATTE IST VOLL",
    "selfUpdateError.genericFailure.body": "Etwas ist während der Installation schiefgelaufen. Bitte versuche es nochmal. Falls der Fehler weiterhin auftritt, starte deinen PC neu oder <link>.",
    "selfUpdateError.genericFailure.header": "INSTALLATION FEHLGESCHLAGEN",
    "selfUpdateError.noInternet.body": "Es konnte keine Verbindung mit dem Internet hergestellt werden, um die Aktualisierung zu erhalten, die zum Spielen nötig ist. Bitte überprüfe deine Internetverbindung und versuche es erneut.",
    "selfUpdateError.noInternet.header": "KEINE INTERNETVERBINDUNG GEFUNDEN",
    "selfUpdateError.repair.body": "Einige Dateien dieser Installation sind beschädigt oder fehlen und wir müssen sie reparieren. Manchmal kann das Problem durch einen Neustart behoben werden. Sollte das Problem nach einem Neustart weiterhin bestehen, <link>, dann können wir dir helfen.",
    "selfUpdateError.repair.header": "REPARATUR NÖTIG",
    "selfUpdateError.spaceAvailable": "VERFÜGBARER SPEICHER: %1",
    "selfUpdateError.unableToAccess.body": "Es ist keine erfolgreiche Installation möglich, während ein anderer Riot-Client-Prozess läuft. Bitte schließe alle Riot-Client-Prozesse und versuche es erneut.",
    "selfUpdateError.unableToAccess.header": "PROZESS LÄUFT BEREITS",
    "selfUpdateError.updateServerDown.body": "Hmm, unsere Server scheinen momentan nicht erreichbar zu sein und wir konnten eine erforderliche Aktualisierung für den Spielstart nicht durchführen. Wir entschuldigen uns und versuchen, das Problem so schnell wie möglich zu beheben. Bitte versuche es später noch einmal.",
    "selfUpdateError.updateServerDown.header": "AKTUALISIERUNGSSERVER NICHT ERREICHBAR",
    "systemTray.allGames": "Alle Spiele",
    "systemTray.exit": "Beenden",
    "systemTray.installGame": "%1 installieren",
    "systemTray.restartForUpdates": "Neustart für Aktualisierungen",
    "systemTray.settings": "Einstellungen",
    "systemTray.show": "Anzeigen",
    "systemTray.showLogs": "Berichte zeigen",
    "systemTray.signIn": "Anmelden",
    "systemTray.signOut": "Abmelden",
    "systemTray.swagger": "Swagger",
    "systemTray.title": "Riot Games",
    "title.riotClient": "Riot-Client",
    "title.riotClientInstaller": "Installationsprogramm für Riot-Client",
    "title.riotClientProductInstaller": "Installationsprogramm für %1",
    "uninstallError.couldNotFindProduct.body": "Die Deinstallation konnte nicht abgeschlossen werden, da das Produkt nicht gefunden wurde. Wenn dieses Problem weiterhin auftritt, bitte <link>, die sich um eine Lösung kümmern werden.",
    "uninstallError.couldNotFindProduct.header": "PRODUKT NICHT GEFUNDEN",
    "uninstallError.couldNotUninstall.body": "Ein unerwartetes Problem ist aufgetreten und wir konnten die Deinstallation nicht durchführen. Bitte <link>, die sich um eine Lösung kümmern werden.",
    "uninstallError.couldNotUninstall.header": "DEINSTALLATION NICHT MÖGLICH",
    "uninstallError.productIsRunning.body": "Die Deinstallation konnte nicht abgeschlossen werden, da das Produkt noch läuft. Bitte schließe das Produkt und versuche es erneut.",
    "uninstallError.productIsRunning.header": "PRODUKT LÄUFT",
    "uninstall_intro.uninstall": "DEINSTALLIEREN",
    "waitForGameToExit.body": "Du kannst den Riot-Client nicht verlassen, während ein Spiel ausgeführt wird. Bitte schließe %1 und versuche es noch einmal.",
    "waitForGameToExit.title": "%1 LÄUFT",
    "waitForGamesToExit.body": "Du kannst den Riot-Client nicht verlassen, während ein Spiel ausgeführt wird. Bitte schließe deine Spiele und versuche es erneut.",
    "waitForGamesToExit.exitOnGameClose": "Beenden, wenn alle Spiele geschlossen sind?",
    "waitForGamesToExit.okay": "Okay",
    "waitForGamesToExit.title": "SPIELE LAUFEN"
}
