{
    "error.clickForLog": "Haz clic para ver el registro.",
    "error.exit": "Salir",
    "error.restart": "Reintentar",
    "finished.finish": "Listo",
    "finished.uninstall.text": "El juego se ha desinstalado correctamente.",
    "finished.uninstall.title": "DESINSTALACIÓN COMPLETADA",
    "install_intro.advanced_options": "OPCIONES AVANZADAS",
    "install_intro.browse_install_folder": "Selecciona la ubicación de instalación",
    "install_intro.install": "Instalar",
    "install_intro.install_path": "RUTA DE INSTALACIÓN",
    "keepGameUpToDate.body": "¿Quieres que %1 se mantenga actualizado en segundo plano para que no tengas que esperar para jugar? Puedes desactivar esto en cualquier momento en el menú de ajustes.",
    "keepGameUpToDate.doNotAskAgain": "NO MOSTRAR ESTO DE NUEVO",
    "keepGameUpToDate.no": "Ahora no",
    "keepGameUpToDate.title": "¿MANTENER EL JUEGO ACTUALIZADO?",
    "keepGameUpToDate.yes": "Sí",
    "lifecycle.directLaunchDisabled": "No podemos iniciar el juego directamente. Abre el juego a través del cliente correspondiente.",
    "lifecycle.directLaunchDisabledTitle": "No se puede abrir el juego directamente",
    "lifecycle.invalidLaunch": "No podemos iniciar el juego de este modo. Ábrelo directamente.",
    "lifecycle.invalidLaunchTitle": "Inicio no válido",
    "progress.cleaning_up": "LIMPIEZA EN PROGRESO",
    "progress.copying_files": "Copiando archivos...",
    "progress.eta": "%02d:%02d",
    "progress.eta_long": "Más de 1 día",
    "progress.hours_abbr": "H",
    "progress.installing": "INSTALANDO",
    "progress.minutes_abbr": "MIN",
    "progress.preparing": "PREPARANDO",
    "progress.repairing": "REPARANDO",
    "progress.seconds_abbr": "S",
    "progress.uninstalling": "DESINSTALANDO",
    "progress.updating": "ACTUALIZANDO",
    "repairPermissions.error.body": "No se han podido reparar los permisos de carpetas. Es posible que tengas que reparar los permisos con una cuenta de administrador. Si sigues teniendo este problema, en <link> utilizarán sus poderes para solucionarlo.",
    "repairPermissions.error.header": "ERROR AL REPARAR",
    "selfUpdateError.contactSupportLinkPublicUrl": "https://support.riotgames.com/hc/es/requests/new",
    "selfUpdateError.contactSupportLinkText": "ponte en contacto con los magos de asistencia al jugador",
    "selfUpdateError.couldNotUpdate.body": "Ha habido un problema con la actualización a pesar de las reparaciones. En <link> podemos echarte una mano y encontrar una solución.",
    "selfUpdateError.couldNotUpdate.header": "ACTUALIZACIÓN FALLIDA",
    "selfUpdateError.declinedUAC.body": "Para permitir que esta aplicación realice cambios en tu dispositivo, haz clic en ''Sí'' cuando se solicite. Si sigues teniendo problemas, comprueba los ajustes del sistema o <link>.",
    "selfUpdateError.declinedUAC.header": "NO SE HA PODIDO INSTALAR",
    "selfUpdateError.driveFull.body": "No hay suficiente espacio en disco para completar esta acción.",
    "selfUpdateError.driveFull.header": "PARECE QUE EL DISCO DURO ESTÁ LLENO",
    "selfUpdateError.genericFailure.body": "Algo ha salido mal durante la instalación. Inténtalo de nuevo y, si el error persiste, reinicia el ordenador o <link>.",
    "selfUpdateError.genericFailure.header": "NO SE HA PODIDO INSTALAR",
    "selfUpdateError.noInternet.body": "No ha sido posible establecer conexión a internet para descargar la actualización necesaria para jugar. Comprueba tus ajustes de internet e inténtalo de nuevo.",
    "selfUpdateError.noInternet.header": "SIN CONEXIÓN A INTERNET",
    "selfUpdateError.repair.body": "Algunos archivos de la instalación faltan o están corruptos, así que tendremos que arreglarlos. En ocasiones, reiniciar puede solucionar el problema. Si sigues teniendo el problema tras reiniciar, contacta con <link> para que te ayudemos a solucionarlo.",
    "selfUpdateError.repair.header": "NECESITA REPARACIÓN",
    "selfUpdateError.spaceAvailable": "ESPACIO DISPONIBLE: %1",
    "selfUpdateError.unableToAccess.body": "No se ha podido completar correctamente la instalación porque hay un proceso del cliente de Riot en ejecución. Cierra todos los procesos del cliente de Riot y vuelve a intentarlo.",
    "selfUpdateError.unableToAccess.header": "EL PROCESO YA SE ESTÁ EJECUTANDO",
    "selfUpdateError.updateServerDown.body": "Mmmm, parece que nuestros servidores no funcionan ahora mismo y no ha sido posible descargar la actualización necesaria para jugar. Sentimos las molestias. Estamos tratando de resolver este problema lo antes posible. Inténtalo de nuevo más tarde.",
    "selfUpdateError.updateServerDown.header": "NO FUNCIONA EL SERVIDOR DE ACTUALIZACIÓN",
    "systemTray.allGames": "Todos los juegos",
    "systemTray.exit": "Salir",
    "systemTray.installGame": "Instalar %1",
    "systemTray.restartForUpdates": "Reiniciar para actualizar",
    "systemTray.settings": "Ajustes",
    "systemTray.show": "Mostrar",
    "systemTray.showLogs": "Ver registros",
    "systemTray.signIn": "Iniciar sesión",
    "systemTray.signOut": "Cerrar sesión",
    "systemTray.swagger": "Swagger",
    "systemTray.title": "Riot Games",
    "title.riotClient": "Cliente de Riot",
    "title.riotClientInstaller": "Instalador del cliente de Riot",
    "title.riotClientProductInstaller": "Instalador de %1",
    "uninstallError.couldNotFindProduct.body": "No hemos podido desinstalarlo porque no se ha encontrado el producto. Si sigues teniendo este problema, en <link> utilizarán sus poderes para solucionarlo.",
    "uninstallError.couldNotFindProduct.header": "NO SE HA ENCONTRADO EL PRODUCTO",
    "uninstallError.couldNotUninstall.body": "Ha ocurrido algo inesperado y no hemos podido completar la desinstalación. En <link> utilizarán sus poderes para solucionarlo.",
    "uninstallError.couldNotUninstall.header": "NO SE HA PODIDO DESINSTALAR",
    "uninstallError.productIsRunning.body": "No hemos podido desinstalarlo porque el producto sigue en ejecución. Cierra el producto y vuelve a intentarlo.",
    "uninstallError.productIsRunning.header": "EL PRODUCTO SE ESTÁ EJECUTANDO",
    "uninstall_intro.uninstall": "DESINSTALAR",
    "waitForGameToExit.body": "No puedes salir del cliente de Riot mientras se esté ejecutando un juego. Cierra %1 y vuelve a intentarlo.",
    "waitForGameToExit.title": "%1 SE ESTÁ EJECUTANDO",
    "waitForGamesToExit.body": "No puedes salir del cliente de Riot mientras se esté ejecutando un juego. Cierra los juegos e inténtalo de nuevo.",
    "waitForGamesToExit.exitOnGameClose": "¿Salir cuando se cierren todos los juegos?",
    "waitForGamesToExit.okay": "Aceptar",
    "waitForGamesToExit.title": "HAY JUEGOS EN EJECUCIÓN"
}
