{
    "error.clickForLog": "Haz clic para ver el registro.",
    "error.exit": "Salir",
    "error.restart": "Reintentar",
    "finished.finish": "Listo",
    "finished.uninstall.text": "El juego se desinstaló con éxito.",
    "finished.uninstall.title": "DESINSTALACIÓN EXITOSA",
    "install_intro.advanced_options": "OPCIONES AVANZADAS",
    "install_intro.browse_install_folder": "Selecciona la ubicación de la instalación.",
    "install_intro.install": "Instalar",
    "install_intro.install_path": "RUTA DE INSTALACIÓN",
    "keepGameUpToDate.body": "¿Te gustaría mantener %1 actualizado en segundo plano para que siempre puedas jugarlo? Puedes desactivar esta opción en cualquier momento en el menú de ajustes.",
    "keepGameUpToDate.doNotAskAgain": "NO MOSTRAR DE NUEVO",
    "keepGameUpToDate.no": "Ahora no",
    "keepGameUpToDate.title": "¿MANTENER ESTE JUEGO ACTUALIZADO?",
    "keepGameUpToDate.yes": "Sí",
    "lifecycle.directLaunchDisabled": "No podemos lanzar el juego directamente. Inicia el juego con el lanzador apropiado.",
    "lifecycle.directLaunchDisabledTitle": "No fue posible iniciar el juego directamente.",
    "lifecycle.invalidLaunch": "No pudimos lanzar el juego de esta manera. Intenta lanzarlo directamente.",
    "lifecycle.invalidLaunchTitle": "Lanzamiento inválido",
    "progress.cleaning_up": "PROCESO DE LIMPIEZA",
    "progress.copying_files": "Copiando archivos...",
    "progress.eta": "%02d:%02d",
    "progress.eta_long": "Más de 1 día",
    "progress.hours_abbr": "H",
    "progress.installing": "INSTALANDO",
    "progress.minutes_abbr": "MIN",
    "progress.preparing": "PREPARANDO",
    "progress.repairing": "REPARANDO",
    "progress.seconds_abbr": "SEG",
    "progress.uninstalling": "DESINSTALANDO",
    "progress.updating": "ACTUALIZANDO",
    "repairPermissions.error.body": "No pudimos reparar los permisos de carpetas. Es posible que necesites los permisos de reparación con una cuenta de administrador. Si continúas experimentando este problema, haz clic en <link> y podremos hacer magia para reparar esto.",
    "repairPermissions.error.header": "REPARACIÓN FALLIDA",
    "selfUpdateError.contactSupportLinkPublicUrl": "https://support.riotgames.com/hc/es-419/requests/new",
    "selfUpdateError.contactSupportLinkText": "contacta a nuestros hechiceros de soporte al jugador",
    "selfUpdateError.couldNotUpdate.body": "Ocurrió un error con la actualización, incluso después de la reparación. Contacta a <link> para que puedan usar su magia y solucionar el problema.",
    "selfUpdateError.couldNotUpdate.header": "ERROR AL ACTUALIZAR",
    "selfUpdateError.declinedUAC.body": "Para permitir que este programa realice cambios en tu dispositivo, haz clic en ''sí'' cuando aparezca la opción. Revisa la configuración de tu sistema o contacta a <link> si este problema persiste.",
    "selfUpdateError.declinedUAC.header": "NO SE PUDO INSTALAR",
    "selfUpdateError.driveFull.body": "No hay suficiente espacio en el disco para completar esta acción.",
    "selfUpdateError.driveFull.header": "EL DISCO PARECE ESTAR LLENO",
    "selfUpdateError.genericFailure.body": "Algo salió mal con la instalación. Inténtalo de nuevo, y reinicia tu computadora o contacta a <link> si el error persiste.",
    "selfUpdateError.genericFailure.header": "NO SE PUDO INSTALAR",
    "selfUpdateError.noInternet.body": "No pudimos conectarnos a Internet para descargar la actualización necesaria para jugar partidas. Revisa tus ajustes de Internet e inténtalo de nuevo.",
    "selfUpdateError.noInternet.header": "RED DE INTERNET NO ENCONTRADA",
    "selfUpdateError.repair.body": "Faltan algunos archivos de instalación o están corrompidos. Es necesario restaurarlos. A veces, reiniciar sirve para corregir el problema. Su sigues teniendo este problema después de reiniciar, haz clic en este enlace <link> y trabajaremos juntos para resolverlo.",
    "selfUpdateError.repair.header": "REPARACIÓN REQUERIDA",
    "selfUpdateError.spaceAvailable": "ESPACIO DISPONIBLE: %1",
    "selfUpdateError.unableToAccess.body": "No pudimos realizar la instalación correctamente porque ya se está ejecutando un proceso en el cliente de Riot. Cierra todos los procesos del cliente de Riot e inténtalo de nuevo.",
    "selfUpdateError.unableToAccess.header": "YA HAY UN PROCESO EN EJECUCIÓN",
    "selfUpdateError.updateServerDown.body": "Mmm, nuestros servidores no están disponibles por el momento y no pudimos descargar la actualización necesaria para iniciar las partidas. Lo sentimos, estamos intentando resolver este problema lo antes posible. Inténtalo de nuevo más tarde.",
    "selfUpdateError.updateServerDown.header": "SERVIDOR DE DESCARGA NO DISPONIBLE",
    "systemTray.allGames": "Todas las partidas",
    "systemTray.exit": "Salir",
    "systemTray.installGame": "Instalar %1",
    "systemTray.restartForUpdates": "Reinicia para recibir actualizaciones",
    "systemTray.settings": "Ajustes",
    "systemTray.show": "Mostrar",
    "systemTray.showLogs": "Mostrar registros",
    "systemTray.signIn": "Iniciar sesión",
    "systemTray.signOut": "Cerrar sesión",
    "systemTray.swagger": "Swagger",
    "systemTray.title": "Riot Games",
    "title.riotClient": "Cliente de Riot",
    "title.riotClientInstaller": "Instalador del cliente de Riot",
    "title.riotClientProductInstaller": "Instalador de %1",
    "uninstallError.couldNotFindProduct.body": "No pudimos desinstalar debido a que no se encontró el producto. Si continúas experimentando este problema, haz clic en <link> y podremos hacer magia para reparar esto.",
    "uninstallError.couldNotFindProduct.header": "NO SE ENCONTRÓ EL PRODUCTO",
    "uninstallError.couldNotUninstall.body": "Ocurrió algo inusual y no pudimos realizar la desinstalación de forma exitosa. Haz clic en <link> y podremos usar su magia para reparar esto.",
    "uninstallError.couldNotUninstall.header": "NO SE PUDO DESINSTALAR",
    "uninstallError.productIsRunning.body": "No pudimos desinstalar porque el producto sigue en funcionamiento. Cierra el producto e inténtalo de nuevo.",
    "uninstallError.productIsRunning.header": "PRODUCTO EN FUNCIONAMIENTO",
    "uninstall_intro.uninstall": "DESINSTALAR",
    "waitForGameToExit.body": "No puedes salir del cliente de Riot mientras se esté ejecutando un juego. Cierra %1 e inténtalo de nuevo.",
    "waitForGameToExit.title": "%1 SE ESTÁ EJECUTANDO",
    "waitForGamesToExit.body": "No puedes salir del cliente de Riot mientras se esté ejecutando un juego. Cierra tus juegos e inténtalo de nuevo.",
    "waitForGamesToExit.exitOnGameClose": "¿Salir cuando se hayan cerrado todos los juegos?",
    "waitForGamesToExit.okay": "Aceptar",
    "waitForGamesToExit.title": "HAY JUEGOS EN EJECUCIÓN"
}
