{
    "error.clickForLog": "Klik untuk melihat catatan.",
    "error.exit": "Keluar",
    "error.restart": "Coba lagi",
    "finished.finish": "Selesai",
    "finished.uninstall.text": "Game ini sudah berhasil diuninstal.",
    "finished.uninstall.title": "UNINSTAL BERHASIL",
    "install_intro.advanced_options": "OPSI LANJUTAN",
    "install_intro.browse_install_folder": "Pilih lokasi instalasi",
    "install_intro.install": "Instal",
    "install_intro.install_path": "JALUR INSTALASI",
    "keepGameUpToDate.body": "Apakah kamu ingin %1 terus diperbaharui saat tidak aktif agar selalu siap dimainkan? kamu bisa menonaktifkan opsi ini kapan saja di menu pengaturan.",
    "keepGameUpToDate.doNotAskAgain": "JANGAN TUNJUKKAN INI LAGI",
    "keepGameUpToDate.no": "Tidak sekarang",
    "keepGameUpToDate.title": "TERUS PERBARUI GAME?",
    "keepGameUpToDate.yes": "Ya",
    "lifecycle.directLaunchDisabled": "Kami tak bisa meluncurkan game secara langsung. Mulai game melalui peluncur yang sesuai.",
    "lifecycle.directLaunchDisabledTitle": "Gagal meluncurkan game secara langsung",
    "lifecycle.invalidLaunch": "Kami tak bisa meluncurkan game dengan cara ini. Luncurkan game secara langsung.",
    "lifecycle.invalidLaunchTitle": "Peluncuran tak sah",
    "progress.cleaning_up": "MERAPIKAN",
    "progress.copying_files": "Menyalin Berkas...",
    "progress.eta": "%02d:%02h",
    "progress.eta_long": "Lebih dari 1 hari",
    "progress.hours_abbr": "JAM",
    "progress.installing": "MENGINSTAL",
    "progress.minutes_abbr": "MNT",
    "progress.preparing": "MEMPERSIAPKAN",
    "progress.repairing": "MEMPERBAIKI",
    "progress.seconds_abbr": "DTK",
    "progress.uninstalling": "SEDANG MENGUNISTAL",
    "progress.updating": "MEMPERBARUI",
    "repairPermissions.error.body": "Kami tak bisa memperbaiki perizinan folder. Kamu harus menjalankan --perbaikan-perizinan menggunakan akun Administrator. Jika masalah berlanjut, <link> pihak yang bisa menyelesaikan masalah ini.",
    "repairPermissions.error.header": "PERBAIKAN GAGAL",
    "selfUpdateError.contactSupportLinkPublicUrl": "https://support.riotgames.com/hc/en-us/requests/new",
    "selfUpdateError.contactSupportLinkText": "hubungi dukungan pemain kami",
    "selfUpdateError.couldNotUpdate.body": "Terjadi masalah dengan pembaruan, bahkan setelah perbaikan. <link> agar mereka dapat membantumu menyelesaikan masalah ini.",
    "selfUpdateError.couldNotUpdate.header": "TAK BISA DIPERBARUI",
    "selfUpdateError.declinedUAC.body": "Untuk mengizinkan apl melakukan perubahan pada perangkat, klik ya saat diminta. Jika masalah berlanjut, periksa pengaturan sistem atau <link>.",
    "selfUpdateError.declinedUAC.header": "TAK BISA MENGINSTAL",
    "selfUpdateError.driveFull.body": "Ruang diska tak cukup untuk menyelesaikan tindakan ini.",
    "selfUpdateError.driveFull.header": "SEPERTINYA PENYIMPANAN PENUH",
    "selfUpdateError.genericFailure.body": "Terjadi kesalahan saat instalasi. Coba lagi, dan jika masalah berlanjut mulai ulang komputermu atau <link>.",
    "selfUpdateError.genericFailure.header": "TAK BISA MENGINSTAL",
    "selfUpdateError.noInternet.body": "Kami tak bisa menyambungkan ke internet untuk mendapatkan pembaruan yang diperlukan game. Periksa pengaturan internet dan coba lagi.",
    "selfUpdateError.noInternet.header": "INTERNET TAK DITEMUKAN",
    "selfUpdateError.repair.body": "Beberapa berkas dalam instalasi ini rusak atau hilang dan kami harus memperbaikinya. Terkadang memulai ulang bisa mengatasi masalah. Jika masalah berlanjut setelah memulai ulang, <link> dan kami bisa membantumu menyelesaikan masalah ini.",
    "selfUpdateError.repair.header": "PERLU PERBAIKAN",
    "selfUpdateError.spaceAvailable": "KAPASITAS TERSEDIA: %1",
    "selfUpdateError.unableToAccess.body": "Kami tak bisa menginstal saat Proses Klien Riot sedang berjalan. Tutup semua proses Klien Riot dan coba lagi.",
    "selfUpdateError.unableToAccess.header": "PROSES SEDANG BERJALAN",
    "selfUpdateError.updateServerDown.body": "Hm, sepertinya server kami sedang tak bekerja dan kami tak bisa melakukan pembaruan yang diperlukan untuk meluncurkan game. Mohon maaf, kami sedang berusaha menyelesaikan masalah ini secepat mungkin. Coba lagi nanti.",
    "selfUpdateError.updateServerDown.header": "SERVER PEMBARUAN TAK BEKERJA",
    "systemTray.allGames": "Semua Game",
    "systemTray.exit": "Keluar",
    "systemTray.installGame": "Instal %1",
    "systemTray.restartForUpdates": "Restart untuk Melihat Pembaruan",
    "systemTray.settings": "Pengaturan",
    "systemTray.show": "Tunjukkan",
    "systemTray.showLogs": "Tampilkan Catatan",
    "systemTray.signIn": "Masuk",
    "systemTray.signOut": "Keluar",
    "systemTray.swagger": "Swagger",
    "systemTray.title": "Riot Games",
    "title.riotClient": "Klien Riot",
    "title.riotClientInstaller": "Penginstal Klien Riot",
    "title.riotClientProductInstaller": "Penginstal %1",
    "uninstallError.couldNotFindProduct.body": "Kami tak bisa menguninstal karena produk tak ditemukan. Jika masalah berlanjut, <link> pihak yang bisa menyelesaikan masalah ini.",
    "uninstallError.couldNotFindProduct.header": "PRODUK TAK DITEMUKAN",
    "uninstallError.couldNotUninstall.body": "Terjadi sesuatu yang tak biasa sehingga kami tak berhasil memperbarui. <link> pihak yang bisa menyelesaikan masalah ini.",
    "uninstallError.couldNotUninstall.header": "TAK BISA MENGUNINSTAL",
    "uninstallError.productIsRunning.body": "Kami tak bisa menguninstal karena produk sedang berjalan. Tutup produk dan coba lagi.",
    "uninstallError.productIsRunning.header": "PRODUK SEDANG BERJALAN",
    "uninstall_intro.uninstall": "UNINSTAL",
    "waitForGameToExit.body": "Kamu tak bisa keluar dari Klien Riot saat game sedang berjalan. Tutup %1 dan coba lagi.",
    "waitForGameToExit.title": "%1 SEDANG BERJALAN",
    "waitForGamesToExit.body": "Kamu tak bisa keluar dari Klien Riot saat game sedang berjalan. Tutup game dan coba lagi.",
    "waitForGamesToExit.exitOnGameClose": "Keluar saat semua game sudah ditutup?",
    "waitForGamesToExit.okay": "Oke",
    "waitForGamesToExit.title": "GAME SEDANG BERJALAN"
}
