{
    "error.clickForLog": "로그를 보려면 클릭하세요.",
    "error.exit": "종료",
    "error.restart": "재시도",
    "finished.finish": "완료",
    "finished.uninstall.text": "게임이 성공적으로 제거되었습니다.",
    "finished.uninstall.title": "제거 완료",
    "install_intro.advanced_options": "고급 설정",
    "install_intro.browse_install_folder": "설치 디렉토리 선택",
    "install_intro.install": "설치",
    "install_intro.install_path": "설치 경로",
    "keepGameUpToDate.body": "언제나 즉시 플레이할 수 있도록 백그라운드에서 %1 버전을 최신으로 업데이트하시겠습니까? 이 기능은 설정 메뉴에서 끄고 켤 수 있습니다.",
    "keepGameUpToDate.doNotAskAgain": "다시 보지 않기",
    "keepGameUpToDate.no": "나중에",
    "keepGameUpToDate.title": "게임을 최신 버전으로 유지하시겠습니까?",
    "keepGameUpToDate.yes": "예",
    "lifecycle.directLaunchDisabled": "게임을 직접 실행할 수 없습니다. 적절한 런처를 통해 게임을 시작해 주세요.",
    "lifecycle.directLaunchDisabledTitle": "게임 직접 실행 불가",
    "lifecycle.invalidLaunch": "이 방식으로 게임을 실행할 수 없습니다. 게임을 직접 실행해 주세요.",
    "lifecycle.invalidLaunchTitle": "게임 실행 불가",
    "progress.cleaning_up": "정리 중",
    "progress.copying_files": "파일 복사 중...",
    "progress.eta": "%02d:%02d",
    "progress.eta_long": "1일 이상",
    "progress.hours_abbr": "시간",
    "progress.installing": "설치 중",
    "progress.minutes_abbr": "분",
    "progress.preparing": "준비 중",
    "progress.repairing": "복구 중",
    "progress.seconds_abbr": "초",
    "progress.uninstalling": "제거 중",
    "progress.updating": "업데이트 중",
    "repairPermissions.error.body": "폴더 권한을 복구할 수 없습니다. 관리자 계정으로 복구를 시도해 보세요. 만약 문제가 해결되지 않으면 여기(<link>)를 통해 문의해 주세요.",
    "repairPermissions.error.header": "복구 실패",
    "selfUpdateError.contactSupportLinkPublicUrl": "https://support-leagueoflegends.riotgames.com/hc/ko",
    "selfUpdateError.contactSupportLinkText": "고객지원",
    "selfUpdateError.couldNotUpdate.body": "업데이트 도중 복구로도 해결할 수 없는 문제가 발생했습니다. 문제를 해결하려면 여기(<link>)를 통해 문의해 주세요.",
    "selfUpdateError.couldNotUpdate.header": "업데이트 실패",
    "selfUpdateError.declinedUAC.body": "확인 창이 나타나면 예 버튼을 눌러 앱이 장치를 변경할 수 있도록 허용해 주세요. 이 문제가 계속되면 시스템 설정을 확인하거나 다음 링크를 방문해 주세요. <link>",
    "selfUpdateError.declinedUAC.header": "설치 불가",
    "selfUpdateError.driveFull.body": "디스크에 여유 공간이 부족해 이 작업을 완료할 수 없습니다.",
    "selfUpdateError.driveFull.header": "드라이브 공간 부족",
    "selfUpdateError.genericFailure.body": "설치 중 오류가 발생했습니다. 다시 시도해 주세요. 계속해서 오류가 발생할 경우 컴퓨터를 재시작하시거나 여기(<link>)를 확인해 주세요.",
    "selfUpdateError.genericFailure.header": "설치 불가",
    "selfUpdateError.noInternet.body": "인터넷에 연결할 수 없어 게임 플레이에 필요한 업데이트를 받지 못했습니다. 인터넷 설정을 확인하고 다시 시도해 주세요.",
    "selfUpdateError.noInternet.header": "인터넷 연결 없음",
    "selfUpdateError.repair.body": "설치 파일 중 손상되었거나 복구해야 할 파일이 있습니다. 재시작하면 이 문제가 해결되는 경우도 있습니다. 재시작 후에도 문제가 계속 발생할 경우 여기(<link>)를 통해 문의해 주세요.",
    "selfUpdateError.repair.header": "복구 필요",
    "selfUpdateError.spaceAvailable": "남은 공간: %1",
    "selfUpdateError.unableToAccess.body": "이미 실행 중인 라이엇 클라이언트 프로세스가 있어 설치에 실패했습니다. 모든 라이엇 클라이언트 프로세스를 닫고 다시 시도해 주세요.",
    "selfUpdateError.unableToAccess.header": "프로세스 실행 중",
    "selfUpdateError.updateServerDown.body": "현재 서버에 접속할 수 없어 게임 실행에 필요한 업데이트를 받을 수 없습니다. 불편을 드려 죄송합니다. 이 문제를 최대한 빨리 해결하기 위해 노력하고 있습니다. 나중에 다시 시도해 주세요.",
    "selfUpdateError.updateServerDown.header": "업데이트 서버 접속 불가",
    "systemTray.allGames": "모든 게임",
    "systemTray.exit": "종료",
    "systemTray.installGame": "%1 설치",
    "systemTray.restartForUpdates": "업데이트를 위해 재시작",
    "systemTray.settings": "설정",
    "systemTray.show": "보기",
    "systemTray.showLogs": "로그 표시",
    "systemTray.signIn": "로그인",
    "systemTray.signOut": "로그아웃",
    "systemTray.swagger": "스웨거",
    "systemTray.title": "라이엇 게임즈",
    "title.riotClient": "라이엇 클라이언트",
    "title.riotClientInstaller": "라이엇 클라이언트 인스톨러",
    "title.riotClientProductInstaller": "%1 인스톨러",
    "uninstallError.couldNotFindProduct.body": "제품을 찾지 못해 제거할 수 없습니다. 문제가 계속 발생할 경우 여기(<link>)를 통해 문의해 주세요.",
    "uninstallError.couldNotFindProduct.header": "제품을 찾을 수 없습니다",
    "uninstallError.couldNotUninstall.body": "비정상적인 오류가 발생해 성공적으로 제거하지 못했습니다. 여기(<link>)를 통해 문의해 주세요.",
    "uninstallError.couldNotUninstall.header": "제거 실패",
    "uninstallError.productIsRunning.body": "프로그램이 아직 실행 중이어서 제거할 수 없습니다. 프로그램 종료 후 다시 시도해 주세요.",
    "uninstallError.productIsRunning.header": "프로그램 실핼 중",
    "uninstall_intro.uninstall": "제거하기",
    "waitForGameToExit.body": "게임 실행 중에는 라이엇 클라이언트를 종료할 수 없습니다. %1 게임을 종료하고 다시 시도해 주세요.",
    "waitForGameToExit.title": "%1 실행 중",
    "waitForGamesToExit.body": "게임 실행 중에는 라이엇 클라이언트를 종료할 수 없습니다. 게임을 종료하고 다시 시도해 주세요.",
    "waitForGamesToExit.exitOnGameClose": "모든 게임이 종료된 후 나가시겠습니까?",
    "waitForGamesToExit.okay": "확인",
    "waitForGamesToExit.title": "게임 실행 중"
}
