{
    "error.clickForLog": "Klik untuk melihat log.",
    "error.exit": "Keluar",
    "error.restart": "Cuba lagi",
    "finished.finish": "Selesai",
    "finished.uninstall.text": "Permainan telah berjaya dinyahpasang.",
    "finished.uninstall.title": "NYAHPASANG BERJAYA",
    "install_intro.advanced_options": "OPSYEN LANJUTAN",
    "install_intro.browse_install_folder": "Pilih lokasi pemasangan",
    "install_intro.install": "Pasang",
    "install_intro.install_path": "LALUAN PEMASANGAN",
    "keepGameUpToDate.body": "Adakah anda ingin mengemas kini %1 di latar belakang agar ia sentiasa sedia untuk dimainkan? Anda boleh mematikan tetapan ini pada bila-bila masa dalam menu tetapan.",
    "keepGameUpToDate.doNotAskAgain": "JANGAN TUNJUK LAGI",
    "keepGameUpToDate.no": "Bukan sekarang",
    "keepGameUpToDate.title": "KEMAS KINIKAN PERMAINAN INI?",
    "keepGameUpToDate.yes": "Ya",
    "lifecycle.directLaunchDisabled": "Kami tidak dapat melancarkan permainan secara langsung. Sila mulakan permainan menerusi pelancar yang sepatutnya.",
    "lifecycle.directLaunchDisabledTitle": "Tidak dapat melancarkan permainan secara langsung.",
    "lifecycle.invalidLaunch": "Kami tidak dapat melancarkan permainan dengan cara ini. Sila lancarkan permainan secara langsung.",
    "lifecycle.invalidLaunchTitle": "Pelancaran tidak sah",
    "progress.cleaning_up": "MENYUSUN FAIL",
    "progress.copying_files": "Menyalin fail...",
    "progress.eta": "%02d:%02d",
    "progress.eta_long": "Lebih daripada 1 hari",
    "progress.hours_abbr": "JAM",
    "progress.installing": "MEMASANG",
    "progress.minutes_abbr": "MIN",
    "progress.preparing": "MENYEDIAKAN",
    "progress.repairing": "MEMBAIKI",
    "progress.seconds_abbr": "S",
    "progress.uninstalling": "MENYAHPASANG",
    "progress.updating": "MENGEMAS KINI",
    "repairPermissions.error.body": "Kami tidak dapat membaiki kebenaran folder. Anda mungkin perlu menjalankan dengan --kebenaran-baiki menggunakan akaun Pentadbir. Jika anda masih menghadapi masalah ini, sila <link> yang boleh membantu anda.",
    "repairPermissions.error.header": "GAGAL DIBAIKI",
    "selfUpdateError.contactSupportLinkPublicUrl": "https://support.riotgames.com/hc/en-us/requests/new",
    "selfUpdateError.contactSupportLinkText": "hubungi pakar sokongan pemain kami",
    "selfUpdateError.couldNotUpdate.body": "Sesuatu telah berlaku pada kemas kini, walaupun telah dibaiki. Sila <link> supaya mereka dapat membantu anda.",
    "selfUpdateError.couldNotUpdate.header": "TIDAK DAPAT MENGEMAS KINI",
    "selfUpdateError.declinedUAC.body": "Bagi membenarkan aplikasi ini membuat perubahan ke peranti anda, klik ya apabila digesa. Jika masalah ini berterusan, sila semak tetapan sistem anda atau <pautan>.",
    "selfUpdateError.declinedUAC.header": "TIDAK DAPAT MEMASANG",
    "selfUpdateError.driveFull.body": "Ruang pada cakera tidak mencukupi untuk melakukan tindakan ini.",
    "selfUpdateError.driveFull.header": "PEMACU NAMPAKNYA PENUH",
    "selfUpdateError.genericFailure.body": "Sesuatu yang tidak kena berlaku sewaktu pemasangan. Sila cuba lagi dan jika ralat berterusan, mula semula komputer anda atau <pautan>.",
    "selfUpdateError.genericFailure.header": "TIDAK DAPAT MEMASANG",
    "selfUpdateError.noInternet.body": "Kami tidak dapat bersambung ke Internet untuk memdapatkan kemas kini yang diperlukan untuk memainkan permainan. Sila periksa sambungan Internet anda dan cuba lagi.",
    "selfUpdateError.noInternet.header": "TIADA SAMBUNGAN INTERNET",
    "selfUpdateError.repair.body": "Beberapa fail dalam pemasangan ini telah korup atau hilang dan kami perlu membaikinya. Kadangkala, memulakan semula dapat menyelesaikan masalah ini. Jika anda masih menghadapi masalah ini selepas memulakan semula, sila <link> dan kita boleh bekerjasama untuk menyelesaikan masalah ini.",
    "selfUpdateError.repair.header": "PERLU DIBAIKI",
    "selfUpdateError.spaceAvailable": "RUANG TERSEDIA: %1",
    "selfUpdateError.unableToAccess.body": "Kami tidak berjaya memasang ketika Proses Klien Riot sedang dijalankan. Sila tutup semua proses-proses Klien Riot Client dan cuba lagi.",
    "selfUpdateError.unableToAccess.header": "PROSES SEDANG BERJALAN",
    "selfUpdateError.updateServerDown.body": "Hmm, server kami tergendala buat masa ini dan kami tidak boleh mendapatkan kemas kini yang diperlukan untuk melancarkan permainan. Kami meminta maaf dan sedang mencuba untuk menyelesaikan masalah ini secepat mungkin. Sila cuba lagi kemudian.",
    "selfUpdateError.updateServerDown.header": "KEMAS KINI SERVER TERGENDALA",
    "systemTray.allGames": "Semua Permainan",
    "systemTray.exit": "Keluar",
    "systemTray.installGame": "Memasang %1",
    "systemTray.restartForUpdates": "Restart untuk Kemas Kini",
    "systemTray.settings": "Tetapan",
    "systemTray.show": "Papar",
    "systemTray.showLogs": "Papar Log",
    "systemTray.signIn": "Daftar Masuk",
    "systemTray.signOut": "Daftar Keluar",
    "systemTray.swagger": "Swagger",
    "systemTray.title": "Riot Games",
    "title.riotClient": "Klien Riot",
    "title.riotClientInstaller": "Pemasang Klien Riot",
    "title.riotClientProductInstaller": "Pemasang %1",
    "uninstallError.couldNotFindProduct.body": "Kami tidak dapat menyahpasang kerana produk tidak ditemui. Jika anda masih menghadapi masalah ini, sila <link> yang boleh membantu anda.",
    "uninstallError.couldNotFindProduct.header": "PRODUK TIDAK DITEMUI",
    "uninstallError.couldNotUninstall.body": "Sesuatu yang pelik telah berlaku dan kami tidak berjaya menyahpasangnya. Sila hubungi <link> yang boleh membantu anda.",
    "uninstallError.couldNotUninstall.header": "TIDAK DAPAT MENYAHPASANG",
    "uninstallError.productIsRunning.body": "Kami tidak berjaya menyahpasang kerana produk masih berjalan. Sila tutup produk dan cuba lagi.",
    "uninstallError.productIsRunning.header": "PRODUK SEDANG BERJALAN",
    "uninstall_intro.uninstall": "NYAHPASANG",
    "waitForGameToExit.body": "Anda tidak dapat keluar dari Klien Riot ketika permainan masih berjalan. Sila tutup %1 dan cuba lagi.",
    "waitForGameToExit.title": "%1 SEDANG BERJALAN",
    "waitForGamesToExit.body": "Anda tidak dapat keluar dari Klien Riot ketika permainan masih berjalan. Sila tutup permainan anda dan cuba lagi.",
    "waitForGamesToExit.exitOnGameClose": "Keluar apabila semua permainan ditutup?",
    "waitForGamesToExit.okay": "Okey",
    "waitForGamesToExit.title": "PERMAINAN SEDANG BERJALAN"
}
