{
    "error.clickForLog": "คลิกเพื่อดูบันทึก",
    "error.exit": "ออก",
    "error.restart": "ลองใหม่",
    "finished.finish": "เสร็จสิ้น",
    "finished.uninstall.text": "เกมถูกถอนการติดตั้งเสร็จสิ้นแล้ว",
    "finished.uninstall.title": "ถอนการติดตั้งเสร็จสิ้น",
    "install_intro.advanced_options": "ตัวเลือกขั้นสูง",
    "install_intro.browse_install_folder": "เลือกตำแหน่งติดตั้ง",
    "install_intro.install": "ติดตั้ง",
    "install_intro.install_path": "ติดตั้งแพทช์",
    "keepGameUpToDate.body": "คุณต้องการเปิดการอัปเดต %1 ไว้เบื้องหลังเพื่อให้เกมพร้อมเล่นตลอดเวลาหรือไม่? คุณสามารถปิดตัวเลือกนี้เมื่อใดก็ได้ในเมนูการตั้งค่า",
    "keepGameUpToDate.doNotAskAgain": "ไม่ต้องแสดงข้อความนี้อีก",
    "keepGameUpToDate.no": "ไม่ใช่ตอนนี้",
    "keepGameUpToDate.title": "ต้องการอัปเดตเกมอยู่ตลอดหรือไม่?",
    "keepGameUpToDate.yes": "ใช่",
    "lifecycle.directLaunchDisabled": "เราไม่สามารถเปิดเกมได้โดยตรง กรุณาเริ่มเกมจากโปรแกรมที่ถูกต้อง",
    "lifecycle.directLaunchDisabledTitle": "ไม่สามารถเปิดเกมได้โดยตรง",
    "lifecycle.invalidLaunch": "เราไม่สามารถเปิดเกมได้ด้วยวิธีการนี้ กรุณาเปิดเกมโดยตรง",
    "lifecycle.invalidLaunchTitle": "ไม่สามารถเปิดเกมได้",
    "progress.cleaning_up": "กำลังเก็บกวาด",
    "progress.copying_files": "กำลังคัดลอกไฟล์...",
    "progress.eta": "%02d:%02d",
    "progress.eta_long": "มากกว่า 1 วัน",
    "progress.hours_abbr": "ชม.",
    "progress.installing": "กำลังติดตั้ง",
    "progress.minutes_abbr": "น.",
    "progress.preparing": "กำลังเตรียมพร้อม",
    "progress.repairing": "กำลังซ่อมแซม",
    "progress.seconds_abbr": "วิ.",
    "progress.uninstalling": "กำลังถอนการติดตั้ง",
    "progress.updating": "กำลังอัปเดต",
    "repairPermissions.error.body": "เราไม่สามารถซ่อมแซมการอนุญาตเข้าถึงโฟลเดอร์ได้ คุณอาจจำเป็นต้องเปิดด้วย--การอนุญาตให้ซ่อมแซมโดยการใช้บัญชี Administrator หากคุณยังพบปัญหานี้อยู่ กรุณา <link> ซึ่งสามารถช่วยเหลือในเรื่องนี้ได้",
    "repairPermissions.error.header": "การซ่อมแซมล้มเหลว",
    "selfUpdateError.contactSupportLinkPublicUrl": "https://support.riotgames.com/hc/en-us/requests/new",
    "selfUpdateError.contactSupportLinkText": "ติดต่อผู้เชี่ยวชาญในศูนย์ซัพพอร์ตผู้เล่นของเรา",
    "selfUpdateError.couldNotUpdate.body": "มีบางอย่างผิดปกติในการอัปเดต แม้จะซ่อมแซมแล้วก็ตาม กรุณา <link> เพื่อช่วยแก้ไขปัญหานี้",
    "selfUpdateError.couldNotUpdate.header": "ไม่สามารถอัปเดตได้",
    "selfUpdateError.declinedUAC.body": "เพื่ออนุญาตให้โปรแกรมทำการเปลี่ยนแปลงในอุปกรณ์ของคุณ คลิก 'ใช่' เมื่อมีการแจ้งเตือนปรากฏ หากปัญหานี้ยังคงอยู่ กรุณาตรวจสอบการเชื่อมต่อของคุณ หรือ <link>",
    "selfUpdateError.declinedUAC.header": "ไม่สามารถติดตั้งได้",
    "selfUpdateError.driveFull.body": "มีพื้นที่ไม่เพียงพอสำหรับการทำตามคำสั่งนี้ให้สำเร็จ",
    "selfUpdateError.driveFull.header": "พื้นที่ไดรฟ์เต็ม",
    "selfUpdateError.genericFailure.body": "มีบางอย่างผิดปกติเกิดขึ้นระหว่างการลงตัวเกม กรุณาลองใหม่อีกครั้ง และหากยังเกิดข้อผิดพลาดอยู่ รีสตาร์ทคอมพิวเตอร์ของคุณหรือ <link>",
    "selfUpdateError.genericFailure.header": "ไม่สามารถลงตัวเกมได้",
    "selfUpdateError.noInternet.body": "เราไม่สามารถเชื่อมต่อกับอินเทอร์เน็ตเพื่อรับการอัปเดตที่จำเป็นต่อการเล่นเกมได้ กรุณาเช็คการตั้งค่าอินเทอร์เน็ตของคุณและลองใหม่อีกครั้ง",
    "selfUpdateError.noInternet.header": "ไม่พบอินเทอร์เน็ต",
    "selfUpdateError.repair.body": "ไฟล์บางอย่างในการติดตั้งนี้ชำรุดและเราต้องทำการซ่อมแซมพวกมัน บางครั้งการรีสตาร์ทอาจจะสามารถแก้ไขปัญหานี้ได้ ถ้าหากคุณยังประสบปัญหาหลังจากที่รีสตาร์ท กรุณา <link> แล้วเราจะช่วยคุณแก้ไขปัญหานี้",
    "selfUpdateError.repair.header": "จำเป็นต้องซ่อมแซม",
    "selfUpdateError.spaceAvailable": "พื้นที่เหลือ: %1",
    "selfUpdateError.unableToAccess.body": "เราไม่สามารถทำการติดตั้งให้เสร็จสมบูรณ์ได้ในระหว่างที่ Riot Client กำลังทำงานอยู่ กรุณาปิดการทำงานของ Riot Client ทั้งหมดและลองใหม่อีกครั้ง",
    "selfUpdateError.unableToAccess.header": "กำลังทำงานอยู่",
    "selfUpdateError.updateServerDown.body": "หืมม ดูเหมือนเซิร์ฟเวอร์ของเราไม่สามารถใช้งานได้ในขณะนี้และเราไม่สามารถทำการโหลดการอัปเดตที่จำเป็นต้องใช้ในการเปิดเกมได้ ขออภัยในความไม่สะดวกที่เกิดขึ้น เรากำลังรีบแก้ไขปัญหานี้โดยเร็วที่สุด โปรดลองใหม่อีกครั้งภายหลัง",
    "selfUpdateError.updateServerDown.header": "เซิร์ฟเวอร์การอัปเดตไม่ทำงาน",
    "systemTray.allGames": "เกมทั้งหมด",
    "systemTray.exit": "ออก",
    "systemTray.installGame": "ติดตั้ง %1",
    "systemTray.restartForUpdates": "รีสตาร์ทเพื่อทำการอัปเดต",
    "systemTray.settings": "การตั้งค่า",
    "systemTray.show": "แสดง",
    "systemTray.showLogs": "แสดงบันทึก",
    "systemTray.signIn": "ลงชื่อเข้าใช้",
    "systemTray.signOut": "ลงชื่อออก",
    "systemTray.swagger": "Swagger",
    "systemTray.title": "Riot Games",
    "title.riotClient": "Riot Client",
    "title.riotClientInstaller": "ตัวติดตั้ง Riot Client",
    "title.riotClientProductInstaller": "ตัวติดตั้ง %1",
    "uninstallError.couldNotFindProduct.body": "เราไม่สามารถทำการถอนการติดตั้งได้เนื่องจากเราไม่พบตัวโปรแกรม ถ้าหากคุณยังประสบปัญหานี้อยู่กรุณา <link> ผู้สามารถช่วยเหลือในเรื่องนี้ได้",
    "uninstallError.couldNotFindProduct.header": "ไม่พบโปรแกรม",
    "uninstallError.couldNotUninstall.body": "มีสิ่งผิดปกติเกิดขึ้นและเราไม่สามารถทำการถอนการติดตั้งได้โดยสมบูรณ์ กรุณา <link> ผู้สามารถช่วยเหลือในเรื่องนี้ได้",
    "uninstallError.couldNotUninstall.header": "ไม่สามารถถอนการติดตั้งได้",
    "uninstallError.productIsRunning.body": "เราไม่สามารถถอนการติดตั้งได้เนื่องจากตัวโปรแกรมกำลังทำงานอยู่ กรุณาปิดการใช้งานโปรแกรมและลองใหม่อีกครั้ง",
    "uninstallError.productIsRunning.header": "โปรแกรมกำลังทำงานอยู่",
    "uninstall_intro.uninstall": "ถอนการติดตั้ง",
    "waitForGameToExit.body": "คุณไม่สามารถออกจาก Riot Client ในระหว่างที่เกมกำลังทำงานอยู่ได้ กรุณาปิด %1 และลองใหม่อีกครั้ง",
    "waitForGameToExit.title": "%1 กำลังทำงานอยู่",
    "waitForGamesToExit.body": "คุณไม่สามารถออกจาก Riot Client ในระหว่างที่เกมกำลังทำงานอยู่ได้ กรุณาปิดเกมและลองใหม่อีกครั้ง",
    "waitForGamesToExit.exitOnGameClose": "ออกเมื่อเกมทั้งหมดถูกปิดลง?",
    "waitForGamesToExit.okay": "โอเค",
    "waitForGamesToExit.title": "เกมกำลังทำงานอยู่"
}
