{
    "error.clickForLog": "Kayıtları görmek için tıkla.",
    "error.exit": "Çık",
    "error.restart": "Tekrar Dene",
    "finished.finish": "Hazır",
    "finished.uninstall.text": "Oyun başarılı şekilde kaldırıldı.",
    "finished.uninstall.title": "KALDIRMA BAŞARILI",
    "install_intro.advanced_options": "GELİŞMİŞ SEÇENEKLER",
    "install_intro.browse_install_folder": "Kurulum konumunu seç",
    "install_intro.install": "Kur",
    "install_intro.install_path": "KURULUM KONUMU",
    "keepGameUpToDate.body": "%1 adlı oyunu geri planda güncelleyerek onu her zaman oynamaya hazır tutmak ister misin? Özelliği Ayarlar menüsünden istediğin zaman kapatabilirsin.",
    "keepGameUpToDate.doNotAskAgain": "BUNU BİR DAHA GÖSTERME",
    "keepGameUpToDate.no": "Daha sonra",
    "keepGameUpToDate.title": "BU OYUN GÜNCEL TUTULSUN MU?",
    "keepGameUpToDate.yes": "Evet",
    "lifecycle.directLaunchDisabled": "Oyunu doğrudan başlatamıyoruz. Lütfen doğru başlatıcıyı kullan.",
    "lifecycle.directLaunchDisabledTitle": "Oyun doğrudan başlatılamıyor.",
    "lifecycle.invalidLaunch": "Oyunu bu şekilde başlatamıyoruz. Lütfen oyunu doğrudan başlat.",
    "lifecycle.invalidLaunchTitle": "Geçersiz başlatma",
    "progress.cleaning_up": "TEMİZLENİYOR",
    "progress.copying_files": "Dosyalar kopyalanıyor...",
    "progress.eta": "%02d:%02d",
    "progress.eta_long": "1 günden fazla",
    "progress.hours_abbr": "SA.",
    "progress.installing": "KURULUYOR",
    "progress.minutes_abbr": "DK.",
    "progress.preparing": "HAZIRLANIYOR",
    "progress.repairing": "ONARILIYOR",
    "progress.seconds_abbr": "SN.",
    "progress.uninstalling": "KALDIRILIYOR",
    "progress.updating": "GÜNCELLENİYOR",
    "repairPermissions.error.body": "Klasör izinlerini onarmayı başaramadık. Yönetici hesabı kullanman ve onarım izinleri vermen gerekebilir. Eğer bu sorunu yaşamaya devam edersen lütfen sana yardımcı olabilecek <link>.",
    "repairPermissions.error.header": "ONARIM BAŞARISIZ",
    "selfUpdateError.contactSupportLinkPublicUrl": "https://support.riotgames.com/hc/tr/requests/new",
    "selfUpdateError.contactSupportLinkText": "oyuncu destek uzmanlarımıza ulaş",
    "selfUpdateError.couldNotUpdate.body": "Güncelleme sırasında bir hata oluştu ve bu hata onarımdan sonra bile giderilemedi. Lütfen destek almak için <link>.",
    "selfUpdateError.couldNotUpdate.header": "GÜNCELLEME YAPILAMADI",
    "selfUpdateError.declinedUAC.body": "Bu uygulamanın cihazında değişiklik yapmasına izin vermek için, sorulduğunda evet düğmesine tıkla. Bu sorun devam ederse, lütfen sistem ayarlarını kontrol et veya <link>.",
    "selfUpdateError.declinedUAC.header": "KURULUM GERÇEKLEŞTİRİLEMİYOR",
    "selfUpdateError.driveFull.body": "Bu eylemi tamamlamak için yeterli disk alanı bulunmuyor.",
    "selfUpdateError.driveFull.header": "SÜRÜCÜ DOLU GÖRÜNÜYOR",
    "selfUpdateError.genericFailure.body": "Kurulum sırasında ters giden bir şeyler oldu. Lütfen tekrar dene. Sorun devam ederse bilgisayarını yeniden başlat veya <link>.",
    "selfUpdateError.genericFailure.header": "KURULUM GERÇEKLEŞTİRİLEMİYOR",
    "selfUpdateError.noInternet.body": "Oyunları oynamak için gerekli bir güncellemeyi almaya çalışırken internete bağlanamadık. Lütfen internet ayarlarını kontrol edip yeniden dene.",
    "selfUpdateError.noInternet.header": "İNTERNET BAĞLANTISI BULUNAMADI",
    "selfUpdateError.repair.body": "Bu kurulumdaki bazı dosyalar bozulmuş veya kaybolmuş. Onarılmaları gerekiyor. İstemciyi yeniden başlatmak bazen bu sorunu giderebilir. Eğer istemciyi yeniden başlattıktan sonra sorun devam ederse lütfen <link>, sorunu birlikte çözelim.",
    "selfUpdateError.repair.header": "ONARIM GEREKİYOR",
    "selfUpdateError.spaceAvailable": "MEVCUT ALAN: %1",
    "selfUpdateError.unableToAccess.body": "Zaten bir Riot İstemcisi işlemi çalıştığı için kurulum başarılı olmadı. Lütfen tüm Riot İstemcisi işlemlerini kapatıp yeniden dene.",
    "selfUpdateError.unableToAccess.header": "ÇALIŞAN İŞLEM VAR",
    "selfUpdateError.updateServerDown.body": "Görünüşe bakılırsa sunucularımız şu anda kapalı ve oyunları açmak için gereken bir güncellemeyi alamıyoruz. Bu konuda senden özür diliyoruz. Sorunu en kısa zamanda çözmeye çalışacağız. Lütfen daha sonra tekrar dene.",
    "selfUpdateError.updateServerDown.header": "GÜNCELLEME SUNUCUSU KAPALI",
    "systemTray.allGames": "Tüm Oyunlar",
    "systemTray.exit": "Çık",
    "systemTray.installGame": "Kurulum %1",
    "systemTray.restartForUpdates": "Güncellemek için Yeniden Başlat",
    "systemTray.settings": "Ayarlar",
    "systemTray.show": "Göster",
    "systemTray.showLogs": "Kayıtları Göster",
    "systemTray.signIn": "Giriş Yap",
    "systemTray.signOut": "Oturumu Kapat",
    "systemTray.swagger": "Swagger",
    "systemTray.title": "Riot Games",
    "title.riotClient": "Riot İstemcisi",
    "title.riotClientInstaller": "Riot İstemcisi Yükleyicisi",
    "title.riotClientProductInstaller": "%1 Yükleyicisi",
    "uninstallError.couldNotFindProduct.body": "Ürün bulunamadığından kaldırma işlemini tamamlayamadık. Eğer bu sorunu yaşamaya devam edersen lütfen sana yardımcı olabilecek <link>.",
    "uninstallError.couldNotFindProduct.header": "ÜRÜN BULUNAMADI",
    "uninstallError.couldNotUninstall.body": "Beklenmedik bir durum oluştu ve kaldırma işlemini tamamlayamadık. Sorunun giderilmesi için lütfen sana yardımcı olabilecek <link>.",
    "uninstallError.couldNotUninstall.header": "KALDIRILAMADI",
    "uninstallError.productIsRunning.body": "Ürün hâlâ açık olduğu için kaldırma işlemini gerçekleştiremedik. Lütfen ürünü kapat ve yeniden dene.",
    "uninstallError.productIsRunning.header": "ÜRÜN ÇALIŞIYOR",
    "uninstall_intro.uninstall": "KALDIR",
    "waitForGameToExit.body": "Bir oyun çalışırken Riot İstemcisi'nden çıkamazsın. Lütfen %1 adlı oyunu kapatıp tekrar dene.",
    "waitForGameToExit.title": "%1 ÇALIŞIYOR",
    "waitForGamesToExit.body": "Bir oyun çalışırken Riot İstemcisi'nden çıkamazsın. Lütfen oyunları kapatıp tekrar dene.",
    "waitForGamesToExit.exitOnGameClose": "Tüm oyunlar kapandığı zaman çıkılsın mı?",
    "waitForGamesToExit.okay": "Tamam",
    "waitForGamesToExit.title": "ÇALIŞAN OYUNLAR VAR"
}
