{
    "error.clickForLog": "Nhấp chuột để xem bản ghi.",
    "error.exit": "Thoát",
    "error.restart": "Thử lại",
    "finished.finish": "Hoàn tất",
    "finished.uninstall.text": "Gỡ trò chơi thành công.",
    "finished.uninstall.title": "GỠ THÀNH CÔNG",
    "install_intro.advanced_options": "TÙY CHỈNH NÂNG CAO",
    "install_intro.browse_install_folder": "Chọn thư mục cài đặt",
    "install_intro.install": "Cài đặt",
    "install_intro.install_path": "ĐƯỜNG DẪN CÀI ĐẶT",
    "keepGameUpToDate.body": "Bạn có muốn tự động cập nhật %1 để có thể chơi bất cứ lúc nào? Có thể tắt chức năng này trong mục tùy chỉnh.",
    "keepGameUpToDate.doNotAskAgain": "KHÔNG HIỆN LẠI",
    "keepGameUpToDate.no": "Để sau",
    "keepGameUpToDate.title": "LUÔN CẬP NHẬT TRÒ CHƠI NÀY?",
    "keepGameUpToDate.yes": "Đồng ý",
    "lifecycle.directLaunchDisabled": "Không thể trực tiếp khởi động trò chơi. Vui lòng mở trò chơi qua phần mềm khởi động.",
    "lifecycle.directLaunchDisabledTitle": "Không thể trực tiếp khởi động trò chơi",
    "lifecycle.invalidLaunch": "Không thể mở trò chơi bằng cách này. Vui lòng trực tiếp khởi động trò chơi.",
    "lifecycle.invalidLaunchTitle": "Không thể khởi động",
    "progress.cleaning_up": "ĐANG DỌN DẸP",
    "progress.copying_files": "Đang sao chép tập tin…",
    "progress.eta": "%02d:%02d",
    "progress.eta_long": "Hơn 1 ngày",
    "progress.hours_abbr": "GIỜ",
    "progress.installing": "ĐANG CÀI ĐẶT",
    "progress.minutes_abbr": "PHÚT",
    "progress.preparing": "ĐANG CHUẨN BỊ",
    "progress.repairing": "ĐANG SỬA",
    "progress.seconds_abbr": "GIÂY",
    "progress.uninstalling": "ĐANG GỠ",
    "progress.updating": "ĐANG CẬP NHẬT",
    "repairPermissions.error.body": "Không thể thay đổi quyền truy cập thư mục. Bạn có thể cần chạy với --repair-permissions bằng tài khoản Quản trị viên. Nếu tiếp tục gặp vấn đề này, vui lòng <link> để nhận trợ giúp.",
    "repairPermissions.error.header": "SỬA THẤT BẠI",
    "selfUpdateError.contactSupportLinkPublicUrl": "https://support.riotgames.com/hc/en-us/requests/new",
    "selfUpdateError.contactSupportLinkText": "liên hệ chăm sóc khách hàng",
    "selfUpdateError.couldNotUpdate.body": "Có lỗi xảy ra trong quá trình cập nhật dù đã sửa chữa. Vui lòng <link> để nhận trợ giúp.",
    "selfUpdateError.couldNotUpdate.header": "KHÔNG THỂ CẬP NHẬT",
    "selfUpdateError.declinedUAC.body": "Để cho phép ứng dụng này thay đổi thiết bị của bạn, hãy nhấn Có khi thông báo hiện lên. Nếu vấn đề này tiếp diễn, vui lòng kiểm tra thiết lập hệ thống của bạn hoặc <link>.",
    "selfUpdateError.declinedUAC.header": "KHÔNG THỂ CÀI ĐẶT",
    "selfUpdateError.driveFull.body": "Không đủ chố trống trong ổ cứng để hoàn thành hành động này.",
    "selfUpdateError.driveFull.header": "Ổ CỨNG ĐÃ ĐẦY",
    "selfUpdateError.genericFailure.body": "Có lỗi xảy ra trong quá trình cài đặt. Vui lòng thử lại, và nếu vẫn gặp lỗi này hãy khởi động lại máy tính của bạn hoặc <link>.",
    "selfUpdateError.genericFailure.header": "KHÔNG THỂ CÀI ĐẶT",
    "selfUpdateError.noInternet.body": "Không thể kết nối internet để tải cập nhật cần thiết cho việc khởi động trò chơi. Vui lòng kiểm tra cài đặt internet và thử lại.",
    "selfUpdateError.noInternet.header": "KHÔNG CÓ KẾT NỐI INTERNET",
    "selfUpdateError.repair.body": "Một số tập tin trong bản cài đặt bị hỏng hoặc thiếu và cần được sửa chữa. Khởi động lại đôi khi cũng giải quyết được vấn đề. Nếu tiếp tục gặp vấn đề này sau khi khởi động lại, vui lòng <link> để nhận trợ giúp.",
    "selfUpdateError.repair.header": "CẦN SỬA CHỮA",
    "selfUpdateError.spaceAvailable": "Ổ CỨNG CÒN TRỐNG: %1",
    "selfUpdateError.unableToAccess.body": "Không thể cài đặt thành công khi có một Riot Client khác đang chạy. Vui lòng đóng tất cả Riot Client và thử lại.",
    "selfUpdateError.unableToAccess.header": "CHƯƠNG TRÌNH ĐANG CHẠY",
    "selfUpdateError.updateServerDown.body": "Máy chủ ngoại tuyến, không thể kết nối để tải về cập nhật cần thiết cho việc khởi động trò chơi. Chúng tôi rất xin lỗi vì sự cố và đang cố gắng sửa lỗi nhanh nhất có thể. Vui lòng thử lại sau.",
    "selfUpdateError.updateServerDown.header": "MÁY CHỦ CẬP NHẬT NGOẠI TUYẾN",
    "systemTray.allGames": "Tất Cả Trò Chơi",
    "systemTray.exit": "Thoát",
    "systemTray.settings": "Tùy chỉnh",
    "systemTray.show": "Hiển thị",
    "systemTray.showLogs": "Xem bản ghi",
    "systemTray.signIn": "Đăng nhập",
    "systemTray.signOut": "Đăng xuất",
    "systemTray.swagger": "Swagger",
    "title.riotClient": "Riot Client",
    "title.riotClientInstaller": "Trình cài đặt Riot Client",
    "title.riotClientProductInstaller": "Trình cài đặt %1",
    "uninstallError.couldNotFindProduct.body": "Không thể tiến hành gỡ vì không tìm thấy sản phẩm. Nếu tiếp tục gặp vấn đề này, vui lòng <link> để nhận trợ giúp.",
    "uninstallError.couldNotFindProduct.header": "KHÔNG TÌM THẤY SẢN PHẨM",
    "uninstallError.couldNotUninstall.body": "Gỡ thất bại vì có lỗi bất thường xảy ra. Vui lòng <link> để nhận trợ giúp.",
    "uninstallError.couldNotUninstall.header": "KHÔNG THỂ GỠ",
    "uninstallError.productIsRunning.body": "Không thể tiến hành gỡ vì sản phẩm vẫn đang chạy. Vui lòng đóng sản phẩm và thử lại.",
    "uninstallError.productIsRunning.header": "SẢN PHẨM ĐANG CHẠY",
    "uninstall_intro.uninstall": "GỠ",
    "waitForGameToExit.body": "Không thể thoát Riot Client khi có trò chơi đang chạy. Vui lòng đóng %1 và thử lại.",
    "waitForGameToExit.title": "%1 ĐANG CHẠY",
    "waitForGamesToExit.body": "Không thể thoát Riot Client khi có trò chơi đang chạy. Vui lòng đóng tất cả trò chơi và thử lại.",
    "waitForGamesToExit.exitOnGameClose": "Thoát sau khi đóng tất cả trò chơi?",
    "waitForGamesToExit.okay": "Ok",
    "waitForGamesToExit.title": "CÓ TRÒ CHƠI ĐANG CHẠY"
}
