{
    "error.clickForLog": "点击查看日志。",
    "error.exit": "退出",
    "error.restart": "重试",
    "finished.finish": "完成",
    "finished.uninstall.text": "游戏已成功卸载。",
    "finished.uninstall.title": "卸载完成",
    "install_intro.advanced_options": "高级选项",
    "install_intro.browse_install_folder": "选择安装位置",
    "install_intro.install": "安装",
    "install_intro.install_path": "安装路径",
    "keepGameUpToDate.body": "你愿意让%1在后台保持自动更新来确保它总处于准备游玩的状态吗？你可以在设置菜单中随时关掉这个功能。",
    "keepGameUpToDate.doNotAskAgain": "不再显示这个",
    "keepGameUpToDate.no": "下次再说",
    "keepGameUpToDate.title": "让这个游戏保持自动更新吗？",
    "keepGameUpToDate.yes": "是",
    "lifecycle.directLaunchDisabled": "我们无法直接启动游戏。请通过恰当的启动器来开始游戏。",
    "lifecycle.directLaunchDisabledTitle": "无法直接启动游戏",
    "lifecycle.invalidLaunch": "我们无法用这种方式启动游戏。请直接启动游戏。",
    "lifecycle.invalidLaunchTitle": "启动无效",
    "progress.cleaning_up": "正在清理",
    "progress.copying_files": "复制文件……",
    "progress.eta": "%02d:%02d",
    "progress.eta_long": "一天以上",
    "progress.hours_abbr": "小时",
    "progress.installing": "正在安装",
    "progress.minutes_abbr": "分钟",
    "progress.preparing": "正在准备",
    "progress.repairing": "正在修复",
    "progress.seconds_abbr": "秒",
    "progress.uninstalling": "正在卸载",
    "progress.updating": "正在更新",
    "repairPermissions.error.body": "我们无法修复文件夹权限。你也许需要用“使用管理员帐户修复权限”。如果你继续遇到这个问题，请<link>，他们能够大展身手将其修复。",
    "repairPermissions.error.header": "修复失败",
    "selfUpdateError.contactSupportLinkPublicUrl": "https://support.riotgames.com/hc/en-us/requests/new",
    "selfUpdateError.contactSupportLinkText": "联系我们的客服部门",
    "selfUpdateError.couldNotUpdate.body": "更新出现错误，修复后也无法更新。请联系<link>。",
    "selfUpdateError.couldNotUpdate.header": "无法更新",
    "selfUpdateError.declinedUAC.body": "如果要允许这个应用对你的设备做出改动，请在收到提示时点击“是”。如果这个问题依然持续，请检查你的系统设置或<link>。",
    "selfUpdateError.declinedUAC.header": "无法安装",
    "selfUpdateError.driveFull.body": "硬盘剩余空间不足以完成这项任务。",
    "selfUpdateError.driveFull.header": "硬盘空间不足",
    "selfUpdateError.genericFailure.body": "在安装期间有些东西出错了。请重试，如果错误依然存在，请重启你的电脑或<link>。",
    "selfUpdateError.genericFailure.header": "无法安装",
    "selfUpdateError.noInternet.body": "无法链接网络并获取开始游戏必需的更新。请你检查网络设置有再试一次。",
    "selfUpdateError.noInternet.header": "没有找到网络",
    "selfUpdateError.repair.body": "一部分安装文件损坏或缺失。重启客户端可能解决问题。如果重启没有解决问题，请<link>与我们联系。",
    "selfUpdateError.repair.header": "需要修理",
    "selfUpdateError.spaceAvailable": "可用空间：%1",
    "selfUpdateError.unableToAccess.body": "Riot客户端正在运行中，无法安装。请关闭Riot客户端后再试。",
    "selfUpdateError.unableToAccess.header": "客户端正在运行中",
    "selfUpdateError.updateServerDown.body": "服务器可能暂时不在线，我们没有找到启动游戏所需的更新。我们为此表示歉意，并会尽快解决问题。请稍后再试。",
    "selfUpdateError.updateServerDown.header": "更新服务器不在线",
    "systemTray.allGames": "所有游戏",
    "systemTray.exit": "退出",
    "systemTray.installGame": "安装 %1",
    "systemTray.restartForUpdates": "重启来进行更新",
    "systemTray.settings": "设置",
    "systemTray.show": "显示",
    "systemTray.showLogs": "显示日志",
    "systemTray.signIn": "登录",
    "systemTray.signOut": "登出",
    "systemTray.swagger": "炫耀",
    "systemTray.title": "Riot Games",
    "title.riotClient": "Riot客户端",
    "title.riotClientInstaller": "Riot客户端安装程序",
    "title.riotClientProductInstaller": "%1安装程序",
    "uninstallError.couldNotFindProduct.body": "我们无法卸载，因为产品未找到。如果你继续遇到这个问题，请前往<link>联系能修复这个的人。",
    "uninstallError.couldNotFindProduct.header": "无法找到产品",
    "uninstallError.couldNotUninstall.body": "发生了一些不寻常的事，因此我们无法成功卸载。请前往<link>联系能修复这个的人。",
    "uninstallError.couldNotUninstall.header": "无法卸载",
    "uninstallError.productIsRunning.body": "我们无法卸载，因为产品仍在运行中。请关闭产品并重试。",
    "uninstallError.productIsRunning.header": "产品正在运行",
    "uninstall_intro.uninstall": "卸载",
    "waitForGameToExit.body": "在游戏运行时无法退出Riot客户端。",
    "waitForGameToExit.title": "%1正在运行中",
    "waitForGamesToExit.body": "在游戏运行时无法退出Riot客户端。",
    "waitForGamesToExit.exitOnGameClose": "关闭所有游戏后退出？",
    "waitForGamesToExit.okay": "OK",
    "waitForGamesToExit.title": "游戏运行中"
}
