{
    "error.clickForLog": "点击查看游戏记录档。",
    "error.exit": "退出",
    "error.restart": "重新尝试",
    "finished.finish": "完成",
    "finished.uninstall.text": "游戏已成功卸载。",
    "finished.uninstall.title": "成功卸载",
    "install_intro.advanced_options": "进阶选项",
    "install_intro.browse_install_folder": "选择安装位置",
    "install_intro.install": "安装",
    "install_intro.install_path": "安装路径",
    "keepGameUpToDate.body": "你愿意让 %1 在后台保持自动更新来确保它总是处于准备好开始游戏的状态吗？你可以在设置菜单中随时关掉这个功能。\t",
    "keepGameUpToDate.doNotAskAgain": "不要再显示这个",
    "keepGameUpToDate.no": "现在不要",
    "keepGameUpToDate.title": "保持这个游戏在最新状态？",
    "keepGameUpToDate.yes": "是",
    "lifecycle.directLaunchDisabled": "我们无法直接启动游戏。请透过适当的启动器来开启游戏。",
    "lifecycle.directLaunchDisabledTitle": "无法直接启动游戏",
    "lifecycle.invalidLaunch": "我们无法用这种方式启动游戏。请直接启动游戏。",
    "lifecycle.invalidLaunchTitle": "启动无效",
    "progress.cleaning_up": "整理中",
    "progress.copying_files": "正在复制档案...",
    "progress.eta": "%02d:%02d",
    "progress.eta_long": "超过 1 天",
    "progress.hours_abbr": "小时",
    "progress.installing": "安装中",
    "progress.minutes_abbr": "分钟",
    "progress.preparing": "准备中",
    "progress.repairing": "准备中",
    "progress.seconds_abbr": "秒",
    "progress.uninstalling": "解除安装",
    "progress.updating": "更新中",
    "repairPermissions.error.body": "我们无法修复文件夹权限。你也许需要用「使用管理员账户来修复权限」的方法进行修复。如果你持续遇到此问题，请 <link> 那些可以施展他们的魔法来解决这个问题的人。",
    "repairPermissions.error.header": "修复失败",
    "selfUpdateError.contactSupportLinkPublicUrl": "https://service.garena.tw/",
    "selfUpdateError.contactSupportLinkText": "联系我们的客服小帮手",
    "selfUpdateError.couldNotUpdate.body": "更新中发生了一些错误。请点击 <link> 来请求协助。",
    "selfUpdateError.couldNotUpdate.header": "无法更新",
    "selfUpdateError.declinedUAC.body": "请在出现提示时点击“是”，以允许此程序对您的设备进行更改。若此问题持续存在，请检查您的系统设置或<link>。",
    "selfUpdateError.declinedUAC.header": "无法安装",
    "selfUpdateError.driveFull.body": "存取空间不足以完成此操作。",
    "selfUpdateError.driveFull.header": "硬碟已满",
    "selfUpdateError.genericFailure.body": "安装过程中出现错误。请再试一次，若该错误持续存在，请重启您的电脑或<link>。",
    "selfUpdateError.genericFailure.header": "无法安装",
    "selfUpdateError.noInternet.body": "我们无法连接至网际网路来取得启动游戏必要的更新程序。请检查你的网际网路设定并再试一次。",
    "selfUpdateError.noInternet.header": "侦测不到网路",
    "selfUpdateError.repair.body": "此安装档案包的某些档案已毁损或是遗失，必须进行修复。有时候重新启动可以解决此异常状况，如果重新启动之后依旧遇到此问题，请点击 <link> 来获得协助。",
    "selfUpdateError.repair.header": "需要进行修复",
    "selfUpdateError.spaceAvailable": "可用空间：%1",
    "selfUpdateError.unableToAccess.body": "游戏客户端在运行期间我们无法顺利安装。请关掉所有游戏客户端相关的程式并再试一次。",
    "selfUpdateError.unableToAccess.header": "程式已在运作中",
    "selfUpdateError.updateServerDown.body": "我们的伺服器目前似乎已经关闭，无法取得启动游戏所需的更新档。很抱歉，我们正在尝试解决此问题，请稍候再试。",
    "selfUpdateError.updateServerDown.header": "更新伺服器关闭",
    "systemTray.allGames": "所有对战",
    "systemTray.exit": "退出",
    "systemTray.installGame": "安装 %1",
    "systemTray.restartForUpdates": "重启开始更新",
    "systemTray.settings": "设定",
    "systemTray.show": "显示",
    "systemTray.showLogs": "显示纪录",
    "systemTray.signIn": "登入",
    "systemTray.signOut": "登出",
    "systemTray.swagger": "Swagger",
    "systemTray.title": "拳头游戏",
    "title.riotClient": "游戏客户端",
    "title.riotClientInstaller": "游戏客户端安装程序",
    "title.riotClientProductInstaller": "%1 安装程序",
    "uninstallError.couldNotFindProduct.body": "因为找不到该项目，我们将无法卸载。如果你持续遇到此问题，请 <link> 那些可以施展他们的魔法来解决这个问题的人。",
    "uninstallError.couldNotFindProduct.header": "无法找到该项目",
    "uninstallError.couldNotUninstall.body": "发生了一些不寻常的事情，导致我们无法成功地卸载。请 <link> 那些可以施展他们的魔法来解决这个问题的人。",
    "uninstallError.couldNotUninstall.header": "无法卸载",
    "uninstallError.productIsRunning.body": "我们无法卸载，因为该项目仍在运行中。请关闭该项目，然后再试。",
    "uninstallError.productIsRunning.header": "项目仍在运行中",
    "uninstall_intro.uninstall": "卸载",
    "waitForGameToExit.body": "对战进行期间你将无法退出游戏客户端。请关闭 %1 并再试一次。",
    "waitForGameToExit.title": "%1 正在进行中",
    "waitForGamesToExit.body": "对战进行期间你将无法退出游戏客户端。请关闭你的对战并再试一次。",
    "waitForGamesToExit.exitOnGameClose": "所有对战关闭时退出？",
    "waitForGamesToExit.okay": "好的",
    "waitForGamesToExit.title": "对战正在进行中"
}
